{"val/velocity_mse":0.9477747812867164,"_wandb":{"runtime":1478},"_runtime":1478.9433902,"train/loss":0.6033335328102112,"train/lr":0.0001999691398050874,"_timestamp":1.7828558720034432e+09,"_step":5550}